Epoch,AUC,AP
1,0.7723600306693459,0.7851404923261452
2,0.7728638659520107,0.7848168945260687
3,0.7719575361198567,0.7829855332861853
4,0.7706414786016407,0.7810439730727949
5,0.7696803775519144,0.7797291552730452
6,0.7691364344873519,0.7789825608532399
7,0.7689109582852296,0.7786732964242229
8,0.7689506571140851,0.7786818953138834
