Epoch,AUC,AP
1,0.7709359083988416,0.7822878198322715
2,0.7715863135371573,0.7817166435445473
3,0.7726164040774754,0.7821316665764119
4,0.7737457574646923,0.7827155437744782
5,0.7747536596365584,0.7832626979441524
6,0.7755555559997299,0.7837044699964939
7,0.7762082513904012,0.7840734489513802
8,0.7767185677419428,0.7843943814291149
