Epoch,AUC,AP
1,0.7726027050970323,0.7843978003669492
2,0.7714083069454917,0.7829449606399893
3,0.7706545651080509,0.7815683541089393
4,0.7702408612151327,0.7806560736176371
5,0.770081620999033,0.7801316385213147
6,0.7700304561783656,0.7798337387990357
7,0.7702200248658948,0.7799229337749937
8,0.7704792778866203,0.7801358321751972
